Title,Rate,Comment,Author,Date,Extraction_date
Paris ...Paris,"['ui_bubble_rating', 'bubble_40']","très pratique pour les touristes au pied de la tour eiffel près des bateaux mouches ..et a 5 minutes du Rer
Petit déjeuner très correcte.
Chambre double trop petite..
Wc séparé...douche..
mais tres Propre
Personnel agréable. ..",daniPreSaintGervais,Avis publié : Il y a 2 jours,2017-12-08 11:33:37.040339
Séjour pour le Rolex Master,"['ui_bubble_rating', 'bubble_40']",Emplacement idéal pour toutes communications. Problème cependant lors de notre check in qui a duré plus d'une heure alors que nous avions fourni toutes les informations par internet . Excellent petit déjeuner. Chambre calme mais petite pour cette classe d'hôtel.Plus,P4893XYmarca,Avis publié : il y a 4 semaines,2017-12-08 11:33:37.040370
week end professionnel,"['ui_bubble_rating', 'bubble_40']","4 jours 3 nuit à Paris dans le cadre d'un week end professionnel. Je n'ai donc pas choisi personnellement cet hôtel.
Points positifs : emplacement / petit déjeuner très bien garni / personnel souriant
Point négatif : l'état de la chambre. Nous étions logés en...Plus",marjorie m,Avis publié : 18 octobre 2017,2017-12-08 11:33:37.040387
"A REVOIR PROPRETE, DISCRETION ET MAINTENANCE","['ui_bubble_rating', 'bubble_40']",Plus,jpbG9782JX,Avis publié : 1 octobre 2017,2017-12-08 11:33:37.040402
Au secours,"['ui_bubble_rating', 'bubble_40']",Quelqu'un a dit mercure ? Rien n'y ressemble ni la carte du restaurant ni la taille des chambres sans parler de l'accueil. On a essayé on va vite oublier. Un trafic au petit déjeuner qui procure une attente devant les buffets. Certes il y a...Plus,svcv,Avis publié : 19 septembre 2017,2017-12-08 11:33:37.040411
Parfait,"['ui_bubble_rating', 'bubble_40']","À notre arrivée l'accueil fut très chaleureux, la réception, le bar et le restaurants sont très modernes. La chambre privilège est vraiment très agréable, salle de bain de taille correct, parfaitement propre. Le peignoir ainsi que les chaussons nous attendais sur le lit parfaitement dressé....Plus",Baptiste B,Avis publié : 14 septembre 2017,2017-12-08 11:33:37.040425
Hôtel préférer à mes petites loulou,"['ui_bubble_rating', 'bubble_40']",Sa reste et sa restras l hôtel preferer pour mes enfants...à côté de la tour Eiffel ....notre chambre donne sur une vue panoramique et magistuese de cette dernière. ...malgré un peu d attente a la reception a notre arriver..mais les personnelles surtout le responsable était...Plus,Khad34,Avis publié : 14 août 2017,2017-12-08 11:33:37.040440
Quelle vue !,"['ui_bubble_rating', 'bubble_40']","A quelques pas de la Tour Eiffel, cet hôtel a été choisi spécifiquement pour profiter du feu d'artifice du 14 juillet. La chambre avec vue sur celle-ci ne nous a pas déçu, bien au contraire. Même si la taille est limitée, elle disposait de tout...Plus",North-Roady,Avis publié : 16 juillet 2017,2017-12-08 11:33:37.040455
Super !,"['ui_bubble_rating', 'bubble_40']","Recette d'un merveilleux week-end : prenez une ville magnifique, ajoutez-y le plus beau quartier, saupoudrez d'une superbe tour Eiffel! Juste à côté de cette tour Eiffel, placez-y un splendide hôtel avec un personnel souriant et disponible Avec un parking à un prix très abordable à...Plus",emiliea380,Avis publié : 26 mai 2017,2017-12-08 11:33:37.040469
Très bien,"['ui_bubble_rating', 'bubble_40']",Plus,971virginief,Avis publié : 2 mai 2017,2017-12-08 11:33:37.040484
Emplacement Parfait,"['ui_bubble_rating', 'bubble_40']","Nous avons séjourné à pusieurs reprises dans cet hotel lors de nos passages en famille sur PARIS. Idéalement situé, nous avons pu rayonné très facilement entre la tour eiffel, les champs, la seine...
Le service est irréprochable, la chambre est agréable. Le petit déjeuner est...Plus",Lionel C,Avis publié : 18 avril 2017,2017-12-08 11:33:37.040506
très bon hôtel!,"['ui_bubble_rating', 'bubble_40']","très bon accueil, très bien situé, chambre propre et literie confortable, petit déjeuner copieux et de qualité. Hôtel dans lequel on se sent à l'aise (assez rare pour ma part pour le noter). Très bien situé évidemment en face de la tour Eiffel.Plus",Elijah34,Avis publié : 31 mars 2017,2017-12-08 11:33:37.040519
week-end magique,"['ui_bubble_rating', 'bubble_40']","Nous venons de passer un excellent week-end avec mon compagnon au mercure Centre Tour Eiffel.
Effectivement, nous avons été très bien reçus, le personnel était très accueillant et aux petits soins.
Je recommande vivement cet hôtel pour un séjour romantique notamment :-)Plus",Anne L,Avis publié : 27 février 2017,2017-12-08 11:33:37.040530
Simple et chaleureux,"['ui_bubble_rating', 'bubble_40']","Emplacement idéal, personnels chaleureux, bar agréable, chambres sobres et plutôt petites, vue sans intérêt sauf certaines chambres au 12ème, petit déjeuner bien trop cher dans une salle souvent bondée, petit jardin agréable au temps chaud. Rapport qualité prix correct en s'y prenant à l'avance.",533francois,Avis publié : 11 février 2017,2017-12-08 11:33:37.040542
Excellent !!!,"['ui_bubble_rating', 'bubble_40']","Excellent hôtel digne d'un hôtel de luxe ,les chambres sont très belles spacieuses avec vu imprenable sur la tour Eiffel.
Rien à dire le personnel à été très agréable avec nous très accueillant .
Les petits déjeuners sont variés.
Vraiment très bon souvenir à refaire.Plus",lucie7875,Avis publié : 30 janvier 2017,2017-12-08 11:33:37.040555
"Une petite souris sur la table du petit dejeuner, chocking!!","['ui_bubble_rating', 'bubble_40']","Séjour correct même si le standing correspond plus à un trois étoiles moyen plûtot qu'à un quatre étoiles, mais gâché par la présence d'une souris sur la table de présentation des aliments du petit déjeuner qui n'a pas semblé surprendre le membre du personnel à...Plus",ecclectique,Avis publié : 15 janvier 2017,2017-12-08 11:33:37.040567
Très bon emplacement ,"['ui_bubble_rating', 'bubble_40']","Très bon emplacement
Petit déjeuner correct
Un personnel accueillant
Une bonne qualité de service
Et surtout la propreté est au rendez-vous
Je vous conseille vivement de séjourner dans cet hôtel vous n'aurez pas de mauvaises surprises.Plus",Louloutati,Avis publié : 3 janvier 2017,2017-12-08 11:33:37.040580
Traités comme des voleurs !,"['ui_bubble_rating', 'bubble_40']","J'ai réservé pour l'anniversaire de mon compagnon une chambre privilège avec vue sur la Tour Eiffel à 210 Euros la nuitée.
La chambre était très bien, un peu petite mais propre et nous avons apprécié chausson peignoir et mini bar offert.
Cependant nous nous sommes...Plus",B7836JAcarolinem,Avis publié : 23 décembre 2016,2017-12-08 11:33:37.040591
Décevant ,"['ui_bubble_rating', 'bubble_40']","Rapport qualité prix très décevant malgré chambre privilège vue tour effet .... = vue sur cour immeuble en face ... vue très partiel de la Tour Eiffel .... après avoir demande de changer de chambre ... "" un peu mieux ... "" propreté de le...Plus",monique c,Avis publié : 6 décembre 2016,2017-12-08 11:33:37.040604
Mercure Tour Eiffel,"['ui_bubble_rating', 'bubble_40']","Eviter le check out rapide : des erreurs sont commises dans la facturation des prestations. Autant s'en apercevoir sur place.
Revoir l'appellation ""fresh orange juice"" pour le petit déjeuner. Ce ne sont pas des fruits pressés, mais du jus réfrigéré.Plus",moniquemQ983WB,Avis publié : 16 novembre 2016,2017-12-08 11:33:37.040615
Très agréable,"['ui_bubble_rating', 'bubble_40']","C'est ce que nous attendions d'un Mercure,
Très bon hôtel, très bon emplacement, service compétent,... A notre accueil, ils ont pris le temps de bien nous expliquer les endroits sympa à visiter et comment y accéder. Tous les membres du personnel croisés étaient très sympathiques.Plus",ditz39,Avis publié : 10 novembre 2016,2017-12-08 11:33:37.040627
Sommeil agreable,"['ui_bubble_rating', 'bubble_40']","L'hotel est placé idéalement c'est vraiment son point fort, je le recommande specialement pour tous les amoureux de la tour eiffel car en effet c'est magnifique et tellement pratique vous sortez de l'hotel et quelques pas sur votre droite vous tombez nez a nez sur...Plus",kuchukeur,Avis publié : 1 novembre 2016,2017-12-08 11:33:37.040639
séjour parfait,"['ui_bubble_rating', 'bubble_40']","nous avons séjournés du 6 oct au 13 oct....tout a été parfait, le dejeuner tous les matins est de tres bonne qualité avec beaucoup de choix disponibles....nous avons apprécié a notre arrivé l acceuil et le service de Manon....tres serviable, patiente...merci pour ton aide
la...Plus",ange055,Avis publié : 17 octobre 2016,2017-12-08 11:33:37.040661
Médiocre: pas au niveau,"['ui_bubble_rating', 'bubble_40']","Difficile d'accéder en voiture et de passer la barrière
à la réception: ""on vous a attribué une chambre déja utilisée, je dois en changer...""?
Pas de cocktail d'accueil pourtant pour la catégorie SilverPlus",boodawahb,Avis publié : 30 septembre 2016,2017-12-08 11:33:37.040673
Bon emplacement ,"['ui_bubble_rating', 'bubble_40']","Nous avons réservé deux chambres privilèges avec vue sur la Tour Eiffel et je dois dire qu'au niveau de la vue, le spectacle est au rendez-vous. Cela étant, je trouve les chambres légèrement petites en comparaison des mercure que j'ai pu tester en France. Pour...Plus",Marine L,Avis publié : 25 août 2016,2017-12-08 11:33:37.040684
Très bon séjour et literie exceptionnelle,"['ui_bubble_rating', 'bubble_40']","Nous y avons séjourné une nuit donc l'expérience fut courte. L'hôtel est idéalement situé à 2 pas de le Tour Eiffel, l'accueil a été très correct. Nous étions en chambre privilège avec vue sur la Tour Eiffel. La chambre est petite mais jolie et bien...Plus",Popvgd,Avis publié : 25 juillet 2016,2017-12-08 11:33:37.040696
Bien mais...,"['ui_bubble_rating', 'bubble_40']","Bel hôtel, idéalement situé. Station de métro à 3 minutes, taxis, et bus pour l'aéroport devant l'hôtel.
A notre arrivée, nous avons obtenu la chambre demandée après 2 aller-retour étage-réception, la gentillesse et les excuses de la réceptionniste ont fait que ce n'était pas bien...Plus",Laurence C,Avis publié : 9 juin 2016,2017-12-08 11:33:37.040707
Un brunch sympa,"['ui_bubble_rating', 'bubble_40']","Brunch en famille.
Un bel accueil du personnel avec une description des produits proposés.
Produits de bonne qualité dans l'ensemble, cependant certains produits sont industriels.
Un large choix aussi bien dans le salé que le sucré.
Un moment convivial et un personnel aux petits soins...Plus",Cess95,Avis publié : 25 mai 2016,2017-12-08 11:33:37.040719
Séjour anniversaire réussi,"['ui_bubble_rating', 'bubble_40']","L'idée de base : offrir, pour les 13 ans de ma fille, un séjour à proximité de la Tour Eiffel, son monument fétiche. Résultat, une chambre double exceptionnelle avec vue sur le monument !!!
Prestations conformes à l'enseigne, c'est à dire supérieures.
Mention spéciale au...Plus",Christophe2504,Avis publié : 22 avril 2016,2017-12-08 11:33:37.040732
Un WE en famille,"['ui_bubble_rating', 'bubble_40']","L'emplacement de ce palace quatre étoiles est magique ! on voit la Tour Eiffel de sa chambre (et la nuit c'est véritablement sublime !) - Accueil très chaleureux et professionnel - Petit déjeuner parfait (très bonnes viennoiseries, oeufs brouillés extra ...) - La chambre est...Plus",Aygozzi,Avis publié : 30 mars 2016,2017-12-08 11:33:37.040744
Pas mal ,"['ui_bubble_rating', 'bubble_40']","Bon il est vrai que l on paie la vue sur la tour effel. Bon accueil en arrivant. Chambre supérieure vue tour effel : oui on voit à partir du deuxième étage de la tour, nous étions au 11 ème de l'hôtel. Le lit aurait...Plus",Sandra O,Avis publié : 23 mars 2016,2017-12-08 11:33:37.040756
"Hotel parfaitement situé, service impeccable.","['ui_bubble_rating', 'bubble_40']","Personnel impeccable, absolument rien a redire. Nous avons fait un tour de ville de nuit, en limousine, super....dommage que l' hotel ne propose pas ce service. Nous avons diner un soir au restaurant de l'hotel : c'était délicieux.Plus",micheletter,Avis publié : 22 février 2016,2017-12-08 11:33:37.040766
superbe accueil et tres bonne situation,"['ui_bubble_rating', 'bubble_40']",Plus,pat_nice,Avis publié : 6 février 2016,2017-12-08 11:33:37.040778
"A proximité immédiate de la Tour Eiffel, c'est parfait !","['ui_bubble_rating', 'bubble_40']","L'accueil et l'hôtel à proximité de la Tour Eiffel ont rendu notre petite halte familiale à Paris parfaite. Evidemment, cerise sur le gâteau, nous avons eu le plaisir d'avoir une vue de notre chambre sur Mme Eiffel et le scintillement nocturne ne gâche pas le...Plus",carine c,Avis publié : 27 janvier 2016,2017-12-08 11:33:37.040785
très deçu pour un séjour en amoureux,"['ui_bubble_rating', 'bubble_40']","Hôtel IBIS 3 étoiles moins cher avec meilleur service que l'hôtel Mercure 4 étoiles
service demandé non fait,Chambre non conforme à ma réservation, erreur grossière sur facture. Arrivée et départ attente très longue malgré le pré-enregistrement",beaeri,Avis publié : 6 janvier 2016,2017-12-08 11:33:37.040797
Trés bon hotel,"['ui_bubble_rating', 'bubble_40']",Plus,isabellemO6164CR,Avis publié : 28 décembre 2015,2017-12-08 11:33:37.040809
"Rénové, mieux que deux ans auparavant","['ui_bubble_rating', 'bubble_40']","La chambre avait été repeinte, les sanitaires fonctionnels et propres et la décoration soignée. En plus, cette fois-ci j'ai une chambre privilège (peignoirs et machine à café). Le prix sans réduction à la période de Noël reste exorbitant (500 à 600 Euros dépend de la...Plus",JVSR,Avis publié : 15 décembre 2015,2017-12-08 11:33:37.040815
hôtel idéalement placé,"['ui_bubble_rating', 'bubble_40']","accueil chaleureux, belle chambre au 11ème étage, au calme
problème de lavabo et cafetière réglés dans les 15min
petit déj copieux et varié; petit bémol, les plats (oeufs, bacon..) sont pas chauds !!
repas de midi sous forme de buffets pour le séminaire; repas du...Plus",rolma,Avis publié : 26 novembre 2015,2017-12-08 11:33:37.040827
Proche Tour Eiffel excellent personnel,"['ui_bubble_rating', 'bubble_40']","2 nuits passées pour raisons professionnelles
Hôtel confortable idéalement situé pour admirer la Tour Eiffel illuminée le soir en particulier
Personnel fantastique particulièrement à l'écoute de ses clients un grand bravo à tous
En particulier Bruno qui m'a aidée un régler un problème embarrassant avec...Plus",elineah,Avis publié : 5 novembre 2015,2017-12-08 11:33:37.040839
Pas mal,"['ui_bubble_rating', 'bubble_40']","Il est bien située, le service est bien, l'équipe sympathique. Je trouve que les prix sont un peu plus élevé mais vu qu'il est située au centre tour eiffel cela explique cela explique le choix de prix. Je le recommande .Plus",Morgane L,Avis publié : 25 septembre 2015,2017-12-08 11:33:37.040852
"calme, confort et excellente situation","['ui_bubble_rating', 'bubble_40']","confort, calme et excellent service. Recommande en particulier le restaurant dans le jardin. Une oasis de calme a 2 pas de la tour Eiffel, pourtant loin de l ambiance touristique, un service parfait, des canapes tres accueillants pour boire un verre, et un menu pour...Plus",abladeparis,Avis publié : 29 août 2015,2017-12-08 11:33:37.040862
Excellente situation a quelques pas de la Tour Eiffel,"['ui_bubble_rating', 'bubble_40']","Pour cette escapade au coeur de la capitale, avec pour objectif principal de faire decouvrir la tour Eiffel a ma petite princesse de 5 ans, nous avons opte pour une chambre privilege, avec une belle vue sur la tour eiffel. Chambre fonctionnelle, belle literie, douche...Plus",Daniel B,Avis publié : 3 août 2015,2017-12-08 11:33:37.040875
Très moyen,"['ui_bubble_rating', 'bubble_40']","Séjour très moyen dans l'ensemble.
Accueil : usine à touristes, nous avons dû attendre 30min pour faire le check in malgré le comptoirs checkin prioritaire mis à disposition des clients réguliers
La chambre ""prestige vue Tour Eiffel"":
- vue sur le haut de la Tour...Plus",deweerdt,Avis publié : 17 juillet 2015,2017-12-08 11:33:37.040887
Je ne recommande pas du tout cet Hotel,"['ui_bubble_rating', 'bubble_40']","Il y a des Chambres et des Juniors suite disponibles dans cet hôtel...Nous avions réservé une junior suite
La chambre et le salon sont séparé mais minuscules(8 M2 pour le salon et 9 M2 pour la chambre avec une porte entre les 2
Suite 631...Plus",sammath2015,Avis publié : 7 juillet 2015,2017-12-08 11:33:37.040898
Très bien situé et très confortable,"['ui_bubble_rating', 'bubble_40']","Hotel très connu du grand public et qui ne décevra personne comme la plupart des Mercure...
A 2 min a pied de la Tour Eiffel, possibilité de réserver une chambre avec vue sur la Tour Eiffel (ca vaut le coup)
Accueil très bon, chambres avec...Plus",sebom51,Avis publié : 25 avril 2015,2017-12-08 11:33:37.040916
Déçu tout simplement,"['ui_bubble_rating', 'bubble_40']",Plus,Franck M,Avis publié : 28 février 2015,2017-12-08 11:33:37.040928
Très bien placé,"['ui_bubble_rating', 'bubble_40']","Hôtel de premier choix, très calme, petite rue avec peu de circulation donc très calme. Emplacement excellent pour visiter Paris à pied, en bateau, les grands monuments, la tour Eiffel, le musée des Arts Premiers etc. Tarif des chambres cher mais si vous pouvez ......Plus",Touristemosellan,Avis publié : 9 janvier 2015,2017-12-08 11:33:37.040934
"Un accueil très chaleureux, un emplacement idéal","['ui_bubble_rating', 'bubble_40']",,bernarda759,Avis publié : 21 décembre 2014,2017-12-08 11:33:37.040946
Un bon hôtel,"['ui_bubble_rating', 'bubble_40']","L'hôtel est bien situé et au calme. il est préférable de choisir un étage élevé pour être vraiment sur de n'avoir aucun bruit en plein Paris. L'accueil est attentionné, la chambre très fonctionnel, sans doute pas assez grande, mais correcte. La possibilité de parking est...Plus",gerard r,Avis publié : 11 décembre 2014,2017-12-08 11:33:37.040953
problème coordination : entretien & réception,"['ui_bubble_rating', 'bubble_40']",chambre un peu petite pour le prix - problème à notre arrivée malgré réservation chambre attribuée non préparée (ménage & lit non faits !!) - aucune excuse faite par le personnel à la réception ...... dommage ! - excellente literie - bonne insonorisation - petit...Plus,nan0u76,Avis publié : 1 décembre 2014,2017-12-08 11:33:37.040965
Idéalement situé & accueil tardif ok,"['ui_bubble_rating', 'bubble_40']","Idealement situe , accueil tardif très pro. Souvent reserve et service toujours parfaitement discret et pro. qualité des chambres inégales donc renseignez vous avant. Propre . plantes en plastique , Éclairage Correct.",22092014,Avis publié : 12 novembre 2014,2017-12-08 11:33:37.040977
Belle situation,"['ui_bubble_rating', 'bubble_40']","Magnifiquement situé au pied de la Tour Eiffel, ce Mercure respecte les standards élevés de la chaîne. Personnellement, j'ai apprécié la réception extrêmement sympathique, disponible et professionnelle. Ma chambre disposait d'un grand écran TV de marque Philips avec la technologie Ambilight, ce qui était particulièrement...Plus",TheBigBones,Avis publié : 2 novembre 2014,2017-12-08 11:33:37.040988
"Très bien situé et très joli, mais il faut bien choisir sa chambre!","['ui_bubble_rating', 'bubble_40']","Nous avions réservé une nuit dans cet hôtel en chambre supérieur pour un week-end en amoureux à Paris, via le site internet expédia. Le lieu a été bien évidement un critère de taille, à deux pas de la tour Eiffel, que rêver de mieux... De...Plus",Elody13,Avis publié : 14 octobre 2014,2017-12-08 11:33:37.041002
excellent,"['ui_bubble_rating', 'bubble_40']",Plus,Kathy D,Avis publié : 30 septembre 2014,2017-12-08 11:33:37.041015
Escapade parisienne réussie,"['ui_bubble_rating', 'bubble_40']","Je prends toujours un grand plaisir à revenir dans ce hôtel. Idéalement placé pour visiter Paris, l'accueil est toujours très professionnel. Je choisis toujours les chambres priviléges et avec vue sur la Tour Eiffel! Quel romantisme de regarder La Tour Eiffel scintiller tout en étant...Plus",Isabelle2225,Avis publié : 2 septembre 2014,2017-12-08 11:33:37.041021
Bien placé mais moyen,"['ui_bubble_rating', 'bubble_40']","Situation idéal proche de tout et surtout de la tour Eiffel, un parking pratique et a un prix raisonnable pour Paris.
Par contre accueil très impersonnel et froid, chambre, salle de bain et toilette minuscule mais déco sympas, petit déjeuner très chère et pas terrible.Plus",Jin54,Avis publié : 12 août 2014,2017-12-08 11:33:37.041033
"Surclassé, heureusement...","['ui_bubble_rating', 'bubble_40']","Mercure plutôt moyen, lavabo bouché à notre arrivée. Situation idéale pour les bords de seine et la tour Eiffel. Reste que les prix sont plutôt élevés pour la prestation. Petit déjeuner de bonne qualité avec du choix.Plus",Mariece64,Avis publié : 17 juillet 2014,2017-12-08 11:33:37.041045
"Très moyen..... La suite privilèges , en tout cas pas de privilèges pour l'hygiène!!!!","['ui_bubble_rating', 'bubble_40']",""" la suite privilège junior, des attentions toutes particulière""
Publicité mensongère!!!!!
Je suis arrivée très impatiente avec mes enfant ds cette suite avec vue sur la Tour Eiffel ( tarif 400€ et 620€ en plein été),une odeur nauséabonde venant de la salle de bain empestait...Plus",julie31Toulouse,Avis publié : 28 juin 2014,2017-12-08 11:33:37.041056
Mauvais rapport qualité prix,"['ui_bubble_rating', 'bubble_40']",Plus,Cecile2403,Avis publié : 16 juin 2014,2017-12-08 11:33:37.041072
Qq détails qui dénotent,"['ui_bubble_rating', 'bubble_40']","Nous avons passé une nuit dans cet hôtel idéalement situé près de la tour eiffel pour les amateurs ! Clientèle internationale vu le quartier.
Prestations de qualité : déco, mobilier, mention + au petit déjeuner (viennoiseries, bio, service), chambre sympa même si petite (quartier cher...Plus",Emmanuel B,Avis publié : 4 juin 2014,2017-12-08 11:33:37.041079
Confort et proximité,"['ui_bubble_rating', 'bubble_40']",Plus,Antoine L,Avis publié : 2 mai 2014,2017-12-08 11:33:37.041092
Idéalement placé pour découvrir Paris,"['ui_bubble_rating', 'bubble_40']",Nous avons passé 2 nuits dans cet hôtel idéalement placé à quelques mètres de la Tour Eiffel. Les chambres sont agréables et l'hôtel en propose pour 3 personnes avec un lit double et un lit simple ce qui n'est pas toujours le cas. Le restaurant...Plus,Anthony T,Avis publié : 21 avril 2014,2017-12-08 11:33:37.041098
Parfait,"['ui_bubble_rating', 'bubble_40']",Plus,Frenchrosbif,Avis publié : 11 mars 2014,2017-12-08 11:33:37.041110
Au plus près de la Tour Eiffel,"['ui_bubble_rating', 'bubble_40']","Très bon séjour dans cet hôtel idéalement situé .Très bon accueil ,personnel attentif et serviable ,chambre très agréable et bien équipée ,TV écran plat ,cafetière expresso,literie très confortable .On a beaucoup apprécié également le restaurant qui propose une cuisine soignée ; à la belle saison...Plus",Françoise B,Avis publié : 5 février 2014,2017-12-08 11:33:37.041116
Noel sans vue sur la Tour Eiffel !!!!,"['ui_bubble_rating', 'bubble_40']","Arrivés le 26/12/2013 à 10h45 (un peu en avance j'en conviens)
la réceptionniste nous informe que notre chambre sera préparée en priorité et disponible pour 12h.
Aucun problème jusque la, nous déposons nos bagages(en bagagerie) et allons se balader et déjeuner aux alentours.
Nous revenons...Plus",CentreVoyageur,Avis publié : 29 décembre 2013,2017-12-08 11:33:37.041129
Excellent hôtel très bien situé,"['ui_bubble_rating', 'bubble_40']","Situation idéale. 2 nuits en chambre privilège avec vue sur la tour Eiffel. Tout ce qui était annoncé sur le site quant aux différents services offerts a été respecté. Personnel très accueillant, à l'écoute et serviable. Possibilité de laisser les bagages à la réception avant...Plus",R. M,Avis publié : 13 décembre 2013,2017-12-08 11:33:37.041142
très bien,"['ui_bubble_rating', 'bubble_40']",Plus,739Antony,Avis publié : 25 novembre 2013,2017-12-08 11:33:37.041154
"c'est du mercure, mais ...","['ui_bubble_rating', 'bubble_40']","mon avis est mitigé, hormis le fait que c'est la chaine mercure.. c'est propre dans la chambre... mais le mobilier est usé par le temps.. les murs... sont sales.. traces de valises...dans la salle de bain, il restait un savon usagé.. un coton tige parterre..le...Plus",Marco G,Avis publié : 13 novembre 2013,2017-12-08 11:33:37.041160
"Bien situé, cher pour la prestation","['ui_bubble_rating', 'bubble_40']","L'hôtel est bien situé, très facile d'accès.
L'accueil est correct, sans plus. Ceci a cause de la taille importante de l'hôtel, qui rend le service express et impersonnel.
Le bâtiment date un peu mais un récent réaménagement le met aux standards Mercure.
La faute sûrement...Plus",Pierre L,Avis publié : 22 octobre 2013,2017-12-08 11:33:37.041172
Très cher pour ce que c'est,"['ui_bubble_rating', 'bubble_40']","Nous avons passé deux nuits dans cet hotel pour raison professionnelle. A notre arrivée l'enregistrement à la réception était long et pénible, j'avais présenté ma carte accor qu'il a noté sur un bout de papier, bien évidemment, le jour du départ, il n'avait rien enregistré,...Plus",Frederic F,Avis publié : 18 septembre 2013,2017-12-08 11:33:37.041190
La vue est fantastique !!!,"['ui_bubble_rating', 'bubble_40']","Nous avons pris une suite junior pour nos 2 enfants et nous.
La 1ère impression a été fantastique : la vue sur la tour est très belle : le jour avec le soleil. La nuit avec ses lumières. Magique !!
Ensuite, la chambre : 3...Plus",Florence D,Avis publié : 10 août 2013,2017-12-08 11:33:37.041203
bon hôtel,"['ui_bubble_rating', 'bubble_40']",Plus,smartt56,Avis publié : 4 août 2013,2017-12-08 11:33:37.041214
Hôtel bien placé mais des efforts à faire.,"['ui_bubble_rating', 'bubble_40']",Cet hôtel a enfin été rénové. Les chambres sont correctes mais petites. Assez calme. Accueil à la réception très limite. Manquait les boissons dans le mini bar. Restaurant plutôt sympa avec une terrasse extérieure. La climatisation est à revoir : trop chaud la nuit.Plus,ob65,Avis publié : 9 juin 2013,2017-12-08 11:33:37.041221
Bon hotel calme et bien situé,"['ui_bubble_rating', 'bubble_40']","Système de gestion des ascenceurs surprenant et peu efficace surtout aux heures de pointe (le matin à l'heure du petit déjeuner)
Rénovation des chambres perfectible (choix de la couleur mauve discutable ; frigo posé au milieu du passage dans un meuble de cuisine blanc du...Plus",jmarcToulouse_France,Avis publié : 29 avril 2013,2017-12-08 11:33:37.041232
Bon rapport qualité prix,"['ui_bubble_rating', 'bubble_40']","Situé entre la Tour Eiffel et le métro (Bir-Hakeim), cet hôtel est idéal pour un séjour à Paris à prix correct. 45 min en métro depuis la gare de l'Est. Nous avions réservé une chambre pour trois. Elle semble petite mais a tout ce qu'il...Plus",ChantalD852,Avis publié : 5 avril 2013,2017-12-08 11:33:37.041245
Très bonne situation,"['ui_bubble_rating', 'bubble_40']","Très bon emplacement ,au pied de la Tour Eiffel ,dans un quartier très agréable et touristique.Les chambres sont très propres, un petit bémol pour la baignoire pas très pratique et certains jours une grande affluence de clients.",Un membre de TripAdvisor,Avis publié : 18 mars 2013,2017-12-08 11:33:37.041256
aux pieds de la tour !,"['ui_bubble_rating', 'bubble_40']","hotel tres bien situé
tres bon rapport qualité prix
nous avons oublier notre trousses de maquillages et bijoux le jour de notre départ !
hé bien ! merci aux femmes de ménages , elle nous a été restetuée par dhl rien n' a été volé...Plus",xavier54000,Avis publié : 1 mars 2013,2017-12-08 11:33:37.041268
hotel très bien situé,"['ui_bubble_rating', 'bubble_40']","Notre séjour à l'hotel Mercure a été bien agréable, même si nous n'y étions pas souvent...la ville de Paris est tellement magnifique! Wow la belle dame Eiffel dans toute sa splendeur aux pieds de l'hotel. Aussitôt arrivés, même en décalage horaire, ça nous a donné...Plus",papillon0000,Avis publié : 22 février 2013,2017-12-08 11:33:37.041279
Weekend en couple,"['ui_bubble_rating', 'bubble_40']","Après un acceuil agréable et des formalités simples, nous avons découvert une chambre fonctionnelle et charmante située au 12ème étage avec vue sur la Tour Eiffel. Une douche avec jets au plafond, wc séparé, un lit haut et très confortable. la surprise de trouver une...Plus",Zoumzoum71,Avis publié : 30 janvier 2013,2017-12-08 11:33:37.041291
Impecable,"['ui_bubble_rating', 'bubble_40']","C'est un joli Mercure mais il a un atout fantastique: ""VUE SUR LA TOUR EIFFEL"" Faites vous bien préciser dans votre réservation la vue sur la T.E. Et faites comme nous, vous pourrez dormir les rideaux ouverts en contemplant le scintillement.",TonyF85510,Avis publié : 14 janvier 2013,2017-12-08 11:33:37.041303
superbe we à paris,"['ui_bubble_rating', 'bubble_40']",La chambre était conforme à la description et de plus pour notre petit garçon le lit d'appoint était un fauteuil convertible mais en fait un Vrai lit.Le personnel est très agréable. Pour ce qui est du petit déjeuner il est des plus complets et gratuit...Plus,nonomarine,Avis publié : 5 janvier 2013,2017-12-08 11:33:37.041314
Mediocre: un bel hôtel mais un service décevant,"['ui_bubble_rating', 'bubble_40']","Evier bouché, service déplorable, personnel peu aimable et pas bilingue. Déçue de cet hôtel alors que je suis habituellement fan des Mercure. Emplacement idéal et hôtel sympa, c'est l'efficacité de l'équipe qui serait à revoir.Plus",Aubade76,Avis publié : 21 décembre 2012,2017-12-08 11:33:37.041326
Très bel hotel,"['ui_bubble_rating', 'bubble_40']",Nous avons vraiment apprécié notre séjour dans cet hotel. L'hotel est très propre et le personnel est accueillant. De plus l'excellente situation à deux pas seulement de la tour eiffel est très appréciable. Belle vue de la tour eiffel de la chambre.Plus,claire68_65,Avis publié : 28 novembre 2012,2017-12-08 11:33:37.041338
Un mercure touristique,"['ui_bubble_rating', 'bubble_40']","J'ai passé 2 nuits dans cet établissement réservé essentiellement aux touristes puisqu'il en arrive constamment par car. Chambre agréable lit ""Bed"" identique au Sofitel, salle de bain minuscule. Le plus la cafetière électrique bien agréable. Personnel de l'accueil agréable mais arrivés le soir il nous...Plus",Mart23,Avis publié : 30 octobre 2012,2017-12-08 11:33:37.041350
Sans intérêt...,"['ui_bubble_rating', 'bubble_40']","Situé à (vraiment) deux pas de la Tour Eiffel, le Mercure Tour Eiffel affiche un taux de remplissage qui doit faire rougir de plaisir Monsieur Accor... Touristes asiatiques, américains et autre PNC yankees s'y pressent en effet sans discontinue. Conséquences, le lobby ressemble à un...Plus",Juanitorun,Avis publié : 10 septembre 2012,2017-12-08 11:33:37.041362
Usine à touristes..,"['ui_bubble_rating', 'bubble_40']","Personnel inefficace.
Chambre minuscule malgrès qu'elle soit privilège... Vue sur la tour eiffel...ou plutôt sur le pullman et le dernier étage de la tour. ( chambre au dernier étage )
Room service fermé après 00h.
Le seul point positif, c'est le petit déjeuner, vraiment très...Plus",Milo59,Avis publié : 8 août 2012,2017-12-08 11:33:37.041374
C'est de l'abus!!!!!!!,"['ui_bubble_rating', 'bubble_40']","Nous aurions mieux fait d'aller à côté......
Déjà à l'accueil, nous avions l'impression de parler chinois, nous avions une interlocutrice complètement hébétée devant nous à qui il a fallu répéter à 4 reprises la même chose!!!!!
Accueil sans sourire, encore une usine à touristes et...Plus",litinerante,Avis publié : 19 juillet 2012,2017-12-08 11:33:37.041386
N'hésitez pas!!,"['ui_bubble_rating', 'bubble_40']","Très bonne hôtel, accueil de bonne qualité et chambre agréable idéalement situé en ville. Le bémol est peut être le prix mais je pense que je paie surtout l'emplcement. Mais bon forcé de constaté qu'il y a eu aucune fausses notes ce qui rend le...Plus",Jean-michel F,Avis publié : 10 juillet 2012,2017-12-08 11:33:37.041398
C'est pas donné mais bon emplacement,"['ui_bubble_rating', 'bubble_40']",,Valerie555,Avis publié : 15 juin 2012,2017-12-08 11:33:37.041410
parking,"['ui_bubble_rating', 'bubble_40']","le parking est un peu cher.
l'hotel est très bien placé, près de la tour Eiffel.
le restaurant: il y a peu de choix pour un repas
le refrigérateur de la chambre était vide.pas de jus de fruits.
par contre le café dans la chambre...Plus",martine_chetail,Avis publié : 5 mai 2012,2017-12-08 11:33:37.041416
une equipe hoteliere tres aimable et souriante,"['ui_bubble_rating', 'bubble_40']",Plus,Un voyageur Accor,Avis publié : 27 mars 2012,2017-12-08 11:33:37.041428
Hotel avec certaines chambres ayant vue sur la Tour Eiffel,"['ui_bubble_rating', 'bubble_40']","Certaines chambres seulement , celles des derniers etages sont avec vue sur la tour eiffel (les deux derniers etages de la tour sont visibles au dessus de l'hotel voisin). Le prix est en conséquence. Mais ces chambres sont petites et le lit du mauvais coté......Plus",Guy L,Avis publié : 15 février 2012,2017-12-08 11:33:37.041435
déception,"['ui_bubble_rating', 'bubble_40']","résevation inadaptée à la commande; réservation faite pour un couple; single proposé; 1 seul peignoir sur le lit; 1 seul produit à douche pour 2; 1 seul shampoing pour 2?
apprécié: geste commercial fait au niveau du règlement.",Un membre de TripAdvisor,Avis publié : 4 janvier 2012,2017-12-08 11:33:37.041452
CHAMBRE TRES TRES PROPRE ACCEUIL SANS SOURIRE,"['ui_bubble_rating', 'bubble_40']","L’hôtel se dit 4 étoiles mais en l’absence de la plaque classement nouvelle norme on est en droit de se demander si c’est la vérité. Situé à proximité de la tour Eiffel dans un quartier touristique de Paris cet hôtel propose une chambre design, très...Plus",FRANCOIS B,Avis publié : 24 décembre 2011,2017-12-08 11:33:37.041463
Une valeur sûre,"['ui_bubble_rating', 'bubble_40']","J'ai réservé sur le site d'Accor directement. Bonne literie, bonnes pretations hôtelières.
J'ai apprécié de pouvoir prendre un petit déjeuner express au bar. Très bien situé à côté de la Tour Eiffel. Métro à 150 m.",Un membre de TripAdvisor,Avis publié : 5 décembre 2011,2017-12-08 11:33:37.041477
Mauvais,"['ui_bubble_rating', 'bubble_40']","Mobiler vieux et usagé , voire cassé. Moquette douteuse. Serviettes hors d'âge et tachées.
Vitres très sales. Bruits de travaux ( percement, marteau...) jusqu'à 19h45 et à partir de 8h15.
Chambre 1010. Franchement très en dessous de ce que l'on est en droit d'attendre.
Heureusement...Plus",Un membre de TripAdvisor,Avis publié : 24 octobre 2011,2017-12-08 11:33:37.041488
pour ce prix là trouvez ailleurs,"['ui_bubble_rating', 'bubble_40']","très bon emplacement pour la tour Eiffel. propre. la litterie est dure et étroite
le service est ok , c'est le minimum que l'on attend pour ce prix là...sans plus
l'hotel est moche moche.
la ""suite"": (donc plus d'une chambre) n'est en fait que 2...Plus",Omega123456,Avis publié : 5 octobre 2011,2017-12-08 11:33:37.041500
Une bonne adresse à Paris,"['ui_bubble_rating', 'bubble_40']","Nous avons beaucoup aimé notre séjour au Mercure Tour Eiffel. Nous y avions échoués car c'est l'un des rares hôtels Accor à Paris acceptant les petits enfants. Mais nous nous en sommes bien trouvés, malgré l'aspect un peu défraîchis des chambres et des couloirs, grâce...Plus",Un membre de TripAdvisor,Avis publié : 7 septembre 2011,2017-12-08 11:33:37.041512
AGREABLE,"['ui_bubble_rating', 'bubble_40']","hotel simple mais agréable à vivre, les ascenseurs sont rapide et le temps d'attente court!!
Le déjeuner français y est plus que complet, vitaminé et copieux !!
les chambres un peu petites mais on y fait que dormir ,Paris est dehors !!",Un membre de TripAdvisor,Avis publié : 3 août 2011,2017-12-08 11:33:37.041525
Très décevant,"['ui_bubble_rating', 'bubble_40']","Les chambres (102 et 103 au 1er) méritent une grande rénovation : moquette usée, joints sales, salle de bains ancienne avec fixations de pare-douche rouillées...
Le minibar contenait... une bouteille d'eau !
La femme de chambre avait oublié son chiffon sur le meuble de la...Plus",Sébastien R,Avis publié : 20 juin 2011,2017-12-08 11:33:37.041536
avis,"['ui_bubble_rating', 'bubble_40']","très belle localisation à côté de la tour eiffel.
peu de souplesse du personnel d'accueil mais prestations de qualité.
salle de réception trop petite le premier jour pour la réunion Alstom Grid mais pauses de qualité (boissons et mignardises)",Un membre de TripAdvisor,Avis publié : 9 mai 2011,2017-12-08 11:33:37.041548
+ situation - chambre,"['ui_bubble_rating', 'bubble_40']","+ : Hôtel idéalement situé, parking privé mais petit. Excellent petit-déjeuner.
- : Chambre vétuste et indigne d'un 4 étoiles. Odeur de cigarette provenant de la chambre voisine. Hôtel en rénovation.",Un membre de TripAdvisor,Avis publié : 21 avril 2011,2017-12-08 11:33:37.041559
satisfait,"['ui_bubble_rating', 'bubble_40']",,Un voyageur Accor,Avis publié : 30 mars 2011,2017-12-08 11:33:37.041570
Impressions,"['ui_bubble_rating', 'bubble_40']",,Eric J,Avis publié : 15 février 2011,2017-12-08 11:33:37.041576
bon rapport qualité-prix,"['ui_bubble_rating', 'bubble_40']",,sissi1325,Avis publié : 7 janvier 2011,2017-12-08 11:33:37.041582
bien placé mais chambre décevante,"['ui_bubble_rating', 'bubble_40']","Nous avons passé quelques jours a Paris dans cette hôtel au pied de la tour Eiffel, très bon emplacement mais notre chambre au 3eme étage était décevante pour un quatre étoiles, petite, les murs abimés, minibar vide a part une petite et triste bouteille de...Plus",MANULUDO,Avis publié : 2 janvier 2011,2017-12-08 11:33:37.041588
Très moyen,"['ui_bubble_rating', 'bubble_40']","Établissement très bien situé, calme, personnel plus ou moins agréable. La jeune femme à l'arrivée ne me trouvant pas dans sa liste, m'a demandé si je ne m'étais pas trompé d'hôtel !!! Merci mais je sais encore où je réserve...finalement, après avoir répété 4 fois...Plus",zoupi123,Avis publié : 13 août 2010,2017-12-08 11:33:37.041600
"hormis le restaurant, a revoir ...","['ui_bubble_rating', 'bubble_40']","Je suis estomacqué par le manque de professionalisme du personnel du bar ce qui m'a poussé a écrire sur ce site.
Personnel de la reception a l'écoute ... Chambres minuscules
Cependant nous avons été charmé par le menu du restaurant, la carte est extraordinaire. Les...Plus",Epicurien2503,Avis publié : 12 février 2007,2017-12-08 11:33:37.041611
"Bon hôtel, je le recommanderais","['ui_bubble_rating', 'bubble_40']",Plus,Saffia M,Avis publié : 26 juillet 2017,2017-12-08 11:33:37.041624
Il est juste à côté de la Tour Eiffel ! Très bel hôtel.,"['ui_bubble_rating', 'bubble_40']",Plus,Androooo,Avis publié : 20 juillet 2017,2017-12-08 11:33:37.041630
Super bien situé par rapport à la Tour Eiffel !!!,"['ui_bubble_rating', 'bubble_40']",Plus,holtnr1977,Avis publié : 14 juillet 2017,2017-12-08 11:33:37.041637
Bien pour le prix et super bien situé,"['ui_bubble_rating', 'bubble_40']",Plus,Hugh C,Avis publié : 7 juillet 2017,2017-12-08 11:33:37.041644
J'adore cet hôtel ! Le personnel est serviable.,"['ui_bubble_rating', 'bubble_40']",Plus,Sherry T,Avis publié : 1 juillet 2017,2017-12-08 11:33:37.041651
"Son emplacement est excellent, amical et arrangeant personnel","['ui_bubble_rating', 'bubble_40']",Plus,BaMb1N0,Avis publié : 26 juin 2017,2017-12-08 11:33:37.041657
Très bien situé lorsque vous visitez Paris,"['ui_bubble_rating', 'bubble_40']",Plus,DebraL2,Avis publié : 21 juin 2017,2017-12-08 11:33:37.041665
Super bien situé.,"['ui_bubble_rating', 'bubble_40']",Plus,lizp0218,Avis publié : 11 juin 2017,2017-12-08 11:33:37.041672
"L'emplacement, l'emplacement, l'emplacement","['ui_bubble_rating', 'bubble_40']",Plus,snKits,Avis publié : 5 juin 2017,2017-12-08 11:33:37.041678
"Un bon hôtel, bien situé","['ui_bubble_rating', 'bubble_40']",Plus,Mkhovde,Avis publié : 28 mai 2017,2017-12-08 11:33:37.041685
"Excellent emplacement, excellent service","['ui_bubble_rating', 'bubble_40']",Plus,Ganapathy N,Avis publié : 18 mai 2017,2017-12-08 11:33:37.041691
"Emplacement fantastique, super hôtel, super ville","['ui_bubble_rating', 'bubble_40']",Plus,Paige_Sunderland23,Avis publié : 16 mai 2017,2017-12-08 11:33:37.041698
Un excellent séjour à cet hôtel!,"['ui_bubble_rating', 'bubble_40']",Plus,catcharmer,Avis publié : 9 mai 2017,2017-12-08 11:33:37.041704
Super bien situé,"['ui_bubble_rating', 'bubble_40']",Plus,CazaMac,Avis publié : 2 mai 2017,2017-12-08 11:33:37.041710
Le plus beau panorama de la ville !,"['ui_bubble_rating', 'bubble_40']",Plus,Ragnheiður M,Avis publié : 19 avril 2017,2017-12-08 11:33:37.041716
Alnuaimi,"['ui_bubble_rating', 'bubble_40']",Plus,3afarei,Avis publié : 11 avril 2017,2017-12-08 11:33:37.041723
Super bien situé,"['ui_bubble_rating', 'bubble_40']",Plus,ZIZO_Elegant_Travel,Avis publié : 10 avril 2017,2017-12-08 11:33:37.041728
On a adoré cet endroit !,"['ui_bubble_rating', 'bubble_40']",Plus,Mags_3105,Avis publié : 6 avril 2017,2017-12-08 11:33:37.041735
Un bon séjour,"['ui_bubble_rating', 'bubble_40']",Plus,Varun S,Avis publié : 30 mars 2017,2017-12-08 11:33:37.041741
"L'emplacement est génial, les chambres tout juste correct","['ui_bubble_rating', 'bubble_40']",Plus,Stacy P,Avis publié : 21 mars 2017,2017-12-08 11:33:37.041752
Excellent hôtel pour un séjour de courte durée,"['ui_bubble_rating', 'bubble_40']",Plus,Adam T,Avis publié : 14 mars 2017,2017-12-08 11:33:37.041759
Chambres confortables et excellent emplacement,"['ui_bubble_rating', 'bubble_40']",Plus,Emvroom,Avis publié : 9 mars 2017,2017-12-08 11:33:37.041766
Très bien situé avec un service excellent,"['ui_bubble_rating', 'bubble_40']",Plus,Jennie M,Avis publié : 21 février 2017,2017-12-08 11:33:37.041772
Excellent emplacement !,"['ui_bubble_rating', 'bubble_40']",Plus,James M,Avis publié : 14 février 2017,2017-12-08 11:33:37.041779
Très bien situé !!!,"['ui_bubble_rating', 'bubble_40']",Plus,Andre G,Avis publié : 2 février 2017,2017-12-08 11:33:37.041785
"Très bon hôtel, très bien !","['ui_bubble_rating', 'bubble_40']",Plus,Majo V,Avis publié : 18 janvier 2017,2017-12-08 11:33:37.041791
Encore un séjour parfait à Paris,"['ui_bubble_rating', 'bubble_40']",Plus,Martin O,Avis publié : 3 janvier 2017,2017-12-08 11:33:37.041798
Beau et sympa,"['ui_bubble_rating', 'bubble_40']",Plus,HunterBarratt,Avis publié : 14 décembre 2016,2017-12-08 11:33:37.041804
Proche de la Tour Eiffel,"['ui_bubble_rating', 'bubble_40']",Plus,maryannb1989,Avis publié : 7 décembre 2016,2017-12-08 11:33:37.041810
Excellent choix,"['ui_bubble_rating', 'bubble_40']",Plus,Tupelodan,Avis publié : 29 novembre 2016,2017-12-08 11:33:37.041817
Super bien situé,"['ui_bubble_rating', 'bubble_40']",Plus,Robert F,Avis publié : 20 novembre 2016,2017-12-08 11:33:37.041823
3 Jours,"['ui_bubble_rating', 'bubble_40']",Plus,James S,Avis publié : 16 novembre 2016,2017-12-08 11:33:37.041829
Le meilleur avec vue sur la Tour Eiffel à notre fenêtre !,"['ui_bubble_rating', 'bubble_40']",Plus,Vibash W,Avis publié : 8 novembre 2016,2017-12-08 11:33:37.041835
Il y avait une odeur et les salles terrible service client,"['ui_bubble_rating', 'bubble_40']",Plus,Kylah S,Avis publié : 1 novembre 2016,2017-12-08 11:33:37.041842
Séjour fantastique !,"['ui_bubble_rating', 'bubble_40']",Plus,F15hflyer,Avis publié : 25 octobre 2016,2017-12-08 11:33:37.041849
Touristique,"['ui_bubble_rating', 'bubble_40']",Plus,Sandra M,Avis publié : 17 octobre 2016,2017-12-08 11:33:37.041855
"Il est très bien situé, très bon service","['ui_bubble_rating', 'bubble_40']",Plus,bahare d,Avis publié : 29 septembre 2016,2017-12-08 11:33:37.041861
Parfaitement super hôtel,"['ui_bubble_rating', 'bubble_40']",Plus,bincaw2016,Avis publié : 25 septembre 2016,2017-12-08 11:33:37.041868
Très bien situé !,"['ui_bubble_rating', 'bubble_40']",Plus,Allison V,Avis publié : 21 septembre 2016,2017-12-08 11:33:37.041874
Super bien situé !,"['ui_bubble_rating', 'bubble_40']",Plus,Julz C,Avis publié : 17 septembre 2016,2017-12-08 11:33:37.041880
Pour un séjour en ville,"['ui_bubble_rating', 'bubble_40']",Plus,amyowen94,Avis publié : 11 septembre 2016,2017-12-08 11:33:37.041886
Bon rapport qualité/prix,"['ui_bubble_rating', 'bubble_40']",Plus,Habibamine,Avis publié : 5 septembre 2016,2017-12-08 11:33:37.041893
"Bon hôtel, très près de la Tour Eiffel","['ui_bubble_rating', 'bubble_40']",Plus,Travellingmom2kids,Avis publié : 2 septembre 2016,2017-12-08 11:33:37.041899
Bon hôtel,"['ui_bubble_rating', 'bubble_40']",Plus,FranciscaCosta,Avis publié : 28 août 2016,2017-12-08 11:33:37.041906
Le personnel est incroyable,"['ui_bubble_rating', 'bubble_40']",Plus,benver3215,Avis publié : 24 août 2016,2017-12-08 11:33:37.041912
La Tour Eiffel avec vue,"['ui_bubble_rating', 'bubble_40']",Plus,James D,Avis publié : 17 août 2016,2017-12-08 11:33:37.041918
Super pour la Tour Eiffel,"['ui_bubble_rating', 'bubble_40']",Plus,C6Dave,Avis publié : 10 août 2016,2017-12-08 11:33:37.041924
Juste là où vous voulez être !,"['ui_bubble_rating', 'bubble_40']",Plus,144Wanderlust190,Avis publié : 4 août 2016,2017-12-08 11:33:37.041931
Une vue imprenable !,"['ui_bubble_rating', 'bubble_40']",Plus,Eksmink,Avis publié : 27 juillet 2016,2017-12-08 11:33:37.041938
Super bien situé,"['ui_bubble_rating', 'bubble_40']",Plus,Patricia S,Avis publié : 22 juillet 2016,2017-12-08 11:33:37.041944
Super bien situé,"['ui_bubble_rating', 'bubble_40']",Plus,AmyBamaRn,Avis publié : 14 juillet 2016,2017-12-08 11:33:37.041951
Miel,"['ui_bubble_rating', 'bubble_40']",Plus,Laharnett26,Avis publié : 12 juillet 2016,2017-12-08 11:33:37.041958
Super bien situé,"['ui_bubble_rating', 'bubble_40']",Plus,ramonfromsanramon,Avis publié : 6 juillet 2016,2017-12-08 11:33:37.041964
Super bien situé,"['ui_bubble_rating', 'bubble_40']",Plus,Shane B,Avis publié : 28 juin 2016,2017-12-08 11:33:37.041970
"Très bien situé, près de la Tour Eiffel","['ui_bubble_rating', 'bubble_40']",Plus,Gosport,Avis publié : 19 juin 2016,2017-12-08 11:33:37.041977
Spécial anniversaire surprise de mon mari,"['ui_bubble_rating', 'bubble_40']",Plus,Jumacca31,Avis publié : 12 juin 2016,2017-12-08 11:33:37.041984
Bien pour la Tour Eiffel visites,"['ui_bubble_rating', 'bubble_40']",Plus,bengodonnell,Avis publié : 8 juin 2016,2017-12-08 11:33:37.041991
Super bien situé,"['ui_bubble_rating', 'bubble_40']",Plus,Blueberrii,Avis publié : 4 juin 2016,2017-12-08 11:33:37.042001
Pas mal.,"['ui_bubble_rating', 'bubble_40']",Plus,348reviews101,Avis publié : 26 mai 2016,2017-12-08 11:33:37.042011
Il est très bien situé avec quelques-uns des choses à améliorer,"['ui_bubble_rating', 'bubble_40']",Plus,LME_aus01,Avis publié : 19 mai 2016,2017-12-08 11:33:37.042020
"Super hôtel, très bien situé","['ui_bubble_rating', 'bubble_40']",Plus,David1975AA,Avis publié : 17 mai 2016,2017-12-08 11:33:37.042028
Un super séjour !,"['ui_bubble_rating', 'bubble_40']",Plus,Michael M,Avis publié : 14 mai 2016,2017-12-08 11:33:37.042035
Hotel,"['ui_bubble_rating', 'bubble_40']",Plus,yastewart,Avis publié : 11 mai 2016,2017-12-08 11:33:37.042041
Service exceptionnel,"['ui_bubble_rating', 'bubble_40']",Plus,IncurableAdventurers,Avis publié : 4 mai 2016,2017-12-08 11:33:37.042047
Passable!,"['ui_bubble_rating', 'bubble_40']",Plus,lauren h,Avis publié : 1 mai 2016,2017-12-08 11:33:37.042053
Un excellent séjour!,"['ui_bubble_rating', 'bubble_40']",Plus,Anu C,Avis publié : 26 avril 2016,2017-12-08 11:33:37.042059
Excellent séjour,"['ui_bubble_rating', 'bubble_40']",Plus,soufianebouch,Avis publié : 20 avril 2016,2017-12-08 11:33:37.042065
Parfait pour Paris,"['ui_bubble_rating', 'bubble_40']",Plus,yogaflowjo,Avis publié : 11 avril 2016,2017-12-08 11:33:37.042071
Super bien situé et personnel chaleureux,"['ui_bubble_rating', 'bubble_40']",Plus,smallchunks,Avis publié : 5 avril 2016,2017-12-08 11:33:37.042077
5 Minutes de la Tour Eiffel---parfait,"['ui_bubble_rating', 'bubble_40']",Plus,Elizabeth S,Avis publié : 31 mars 2016,2017-12-08 11:33:37.042084
Chambre petite et chaude,"['ui_bubble_rating', 'bubble_40']",Plus,BadinhoOxon,Avis publié : 27 mars 2016,2017-12-08 11:33:37.042091
Rêve devenu réalité pour sa nièce.,"['ui_bubble_rating', 'bubble_40']",Plus,JuanC1321,Avis publié : 23 mars 2016,2017-12-08 11:33:37.042098
Chambre petite mais très bien situé,"['ui_bubble_rating', 'bubble_40']",Plus,DidiKwok,Avis publié : 19 mars 2016,2017-12-08 11:33:37.042104
Vue sur la Tour Eiffel,"['ui_bubble_rating', 'bubble_40']",Plus,Steve311059,Avis publié : 14 mars 2016,2017-12-08 11:33:37.042111
"L'emplacement est parfait, le personnel est formidable","['ui_bubble_rating', 'bubble_40']",Plus,Jade993,Avis publié : 9 mars 2016,2017-12-08 11:33:37.042118
Voyage extraordinaire avec l'hôtel parfait,"['ui_bubble_rating', 'bubble_40']",Plus,Heather M,Avis publié : 3 mars 2016,2017-12-08 11:33:37.042125
Nous avons apprécié notre séjour,"['ui_bubble_rating', 'bubble_40']",Plus,Vinit G. J,Avis publié : 22 février 2016,2017-12-08 11:33:37.042131
5 minutes de la Tour Eiffel,"['ui_bubble_rating', 'bubble_40']",Plus,popskigrassick,Avis publié : 15 février 2016,2017-12-08 11:33:37.042138
Logement excellent et personnel,"['ui_bubble_rating', 'bubble_40']",Plus,Scottishf88,Avis publié : 9 février 2016,2017-12-08 11:33:37.042145
Un excellent service à la clientèle,"['ui_bubble_rating', 'bubble_40']",Plus,Prem25,Avis publié : 7 février 2016,2017-12-08 11:33:37.042157
Très bien situé et personnel très sympathique,"['ui_bubble_rating', 'bubble_40']",Plus,pickle_1289,Avis publié : 1 février 2016,2017-12-08 11:33:37.042164
"Super hôtel, belle vue","['ui_bubble_rating', 'bubble_40']",Plus,Cristina M,Avis publié : 25 janvier 2016,2017-12-08 11:33:37.042171
nauséabond chambres,"['ui_bubble_rating', 'bubble_40']",Plus,cheimaj,Avis publié : 22 janvier 2016,2017-12-08 11:33:37.042178
"Hôtel agréable, très belle situation sur ce côté de Paris","['ui_bubble_rating', 'bubble_40']",Plus,rbalux,Avis publié : 20 janvier 2016,2017-12-08 11:33:37.042184
L'emplacement et la meilleure vue parfaite de la tour Eiffel,"['ui_bubble_rating', 'bubble_40']",Plus,Choroni8,Avis publié : 14 janvier 2016,2017-12-08 11:33:37.042191
Séjour agréable,"['ui_bubble_rating', 'bubble_40']",Plus,woopidoo,Avis publié : 5 janvier 2016,2017-12-08 11:33:37.042198
Parfaitement situé pour partir à la découverte de Paris,"['ui_bubble_rating', 'bubble_40']",Plus,Rosie B,Avis publié : 2 janvier 2016,2017-12-08 11:33:37.042204
"Emplacement, Emplacement, emplacement","['ui_bubble_rating', 'bubble_40']",Plus,Candaceto,Avis publié : 27 décembre 2015,2017-12-08 11:33:37.042211
Très bien situé !,"['ui_bubble_rating', 'bubble_40']",Plus,Viktorija1977,Avis publié : 17 décembre 2015,2017-12-08 11:33:37.042218
À côté de la Tour Eiffel,"['ui_bubble_rating', 'bubble_40']",Plus,JaceChel,Avis publié : 14 décembre 2015,2017-12-08 11:33:37.042224
"Très bien situé, mais ...","['ui_bubble_rating', 'bubble_40']",Plus,Lesley K,Avis publié : 28 novembre 2015,2017-12-08 11:33:37.042230
Très proche de la Tour Eiffel,"['ui_bubble_rating', 'bubble_40']",,Kelly C,Avis publié : 12 novembre 2015,2017-12-08 11:33:37.042237
Avoir une chambre au dernier étage vous ne le regretterez pas,"['ui_bubble_rating', 'bubble_40']",Plus,ldgp14,Avis publié : 5 novembre 2015,2017-12-08 11:33:37.042243
Dernière nuit à Paris - situation parfaite,"['ui_bubble_rating', 'bubble_40']",Plus,JHLuvtotravel,Avis publié : 24 octobre 2015,2017-12-08 11:33:37.042250
Très bien situé a proximité de la Tour Eiffel,"['ui_bubble_rating', 'bubble_40']",Plus,Jarjac,Avis publié : 15 octobre 2015,2017-12-08 11:33:37.042257
Super hôtel,"['ui_bubble_rating', 'bubble_40']",Plus,Tracy L,Avis publié : 13 octobre 2015,2017-12-08 11:33:37.042263
Excellent emplacement,"['ui_bubble_rating', 'bubble_40']",Plus,Barkeefamily,Avis publié : 11 octobre 2015,2017-12-08 11:33:37.042269
Hôtel 4 étoiles de qualité dans un emplacement formidable,"['ui_bubble_rating', 'bubble_40']",Plus,Fgrajal,Avis publié : 6 octobre 2015,2017-12-08 11:33:37.042276
"Très bon service, très belle chambre, personnel étonnant","['ui_bubble_rating', 'bubble_40']",Plus,Chris T,Avis publié : 1 octobre 2015,2017-12-08 11:33:37.042282
Hôtel propre,"['ui_bubble_rating', 'bubble_40']",Plus,Lya S,Avis publié : 28 septembre 2015,2017-12-08 11:33:37.042289
Super bien situé !,"['ui_bubble_rating', 'bubble_40']",Plus,RERD09,Avis publié : 23 septembre 2015,2017-12-08 11:33:37.042295
Vacances reposantes !,"['ui_bubble_rating', 'bubble_40']",Plus,Leaonie1993,Avis publié : 18 septembre 2015,2017-12-08 11:33:37.042301
Lexinator,"['ui_bubble_rating', 'bubble_40']",Plus,Lexinator1,Avis publié : 14 septembre 2015,2017-12-08 11:33:37.042308
"Propre, pratique et chaleureux","['ui_bubble_rating', 'bubble_40']",Plus,MinnesotaBrian65,Avis publié : 10 septembre 2015,2017-12-08 11:33:37.042314
Petite chambre. Le petit déjeuner est horrible.,"['ui_bubble_rating', 'bubble_40']",Plus,Fossam,Avis publié : 8 septembre 2015,2017-12-08 11:33:37.042320
un break à Paris,"['ui_bubble_rating', 'bubble_40']",Plus,Dante W,Avis publié : 2 septembre 2015,2017-12-08 11:33:37.042327
Super emplacement,"['ui_bubble_rating', 'bubble_40']",Plus,anthony k,Avis publié : 27 août 2015,2017-12-08 11:33:37.042333
Hôtel exceptionnel !!,"['ui_bubble_rating', 'bubble_40']",Plus,snoozycreek,Avis publié : 25 août 2015,2017-12-08 11:33:37.042339
Excellent emplacement,"['ui_bubble_rating', 'bubble_40']",Plus,TriManLowestoft,Avis publié : 19 août 2015,2017-12-08 11:33:37.042345
Bon hôtel près de la Tour Eiffel,"['ui_bubble_rating', 'bubble_40']",Plus,Ajei2000,Avis publié : 1 août 2015,2017-12-08 11:33:37.042351
"Pour ce qui est de l'emplacement, c'est l'hôtel !","['ui_bubble_rating', 'bubble_40']",Plus,John64-12,Avis publié : 29 juillet 2015,2017-12-08 11:33:37.042357
Excellent hôtel,"['ui_bubble_rating', 'bubble_40']",Plus,jester12348,Avis publié : 23 juillet 2015,2017-12-08 11:33:37.042364
"Emplacement parfait, rien de plus","['ui_bubble_rating', 'bubble_40']",Plus,Leanne K,Avis publié : 19 juillet 2015,2017-12-08 11:33:37.042370
Emplacement - Emplacement - emplacement,"['ui_bubble_rating', 'bubble_40']",Plus,Roman K,Avis publié : 15 juillet 2015,2017-12-08 11:33:37.042376
Excellent rapport qualité/prix et très bien situé,"['ui_bubble_rating', 'bubble_40']",Plus,twosons08,Avis publié : 12 juillet 2015,2017-12-08 11:33:37.042383
Bon emplacement - il y a beaucoup de restaurants à proximité,"['ui_bubble_rating', 'bubble_40']",Plus,Voorburg133,Avis publié : 9 juillet 2015,2017-12-08 11:33:37.042390
Paris,"['ui_bubble_rating', 'bubble_40']",Plus,psre,Avis publié : 2 juillet 2015,2017-12-08 11:33:37.042397
Excellent emplacement,"['ui_bubble_rating', 'bubble_40']",Plus,gr_trips,Avis publié : 28 juin 2015,2017-12-08 11:33:37.042403
Emplacement fantastique avec un incroyable panorama sur Paris,"['ui_bubble_rating', 'bubble_40']",Plus,Linda O,Avis publié : 22 juin 2015,2017-12-08 11:33:37.042409
Parfait !!!,"['ui_bubble_rating', 'bubble_40']",Plus,Kie-and-Cris,Avis publié : 21 juin 2015,2017-12-08 11:33:37.042416
Hôtel pour le visiteur Eiffel,"['ui_bubble_rating', 'bubble_40']",Plus,hitesh b,Avis publié : 17 juin 2015,2017-12-08 11:33:37.042422
Très bien,"['ui_bubble_rating', 'bubble_40']",Plus,iowajdman,Avis publié : 11 juin 2015,2017-12-08 11:33:37.042429
marché extérieur- quelle surprise,"['ui_bubble_rating', 'bubble_40']",Plus,sastoneesq,Avis publié : 9 juin 2015,2017-12-08 11:33:37.042434
Proche de nombreuses attractions,"['ui_bubble_rating', 'bubble_40']",,loalah,Avis publié : 3 juin 2015,2017-12-08 11:33:37.042441
Super - petite chambre d'emplacement,"['ui_bubble_rating', 'bubble_40']",Plus,marekgldn,Avis publié : 31 mai 2015,2017-12-08 11:33:37.042447
Excellent emplacement,"['ui_bubble_rating', 'bubble_40']",Plus,chaudhurysid,Avis publié : 29 mai 2015,2017-12-08 11:33:37.042453
Il y a la tour ... Juste là !,"['ui_bubble_rating', 'bubble_40']",Plus,Claudio M,Avis publié : 20 mai 2015,2017-12-08 11:33:37.042459
Trop cher et surévalué,"['ui_bubble_rating', 'bubble_40']",Plus,a s c,Avis publié : 15 mai 2015,2017-12-08 11:33:37.042465
Correct pour l'emplacement,"['ui_bubble_rating', 'bubble_40']",Plus,alancamille,Avis publié : 10 mai 2015,2017-12-08 11:33:37.042471
L'un des pires hôtels que je connaisse,"['ui_bubble_rating', 'bubble_40']",Plus,Loveindiee,Avis publié : 3 mai 2015,2017-12-08 11:33:37.042478
établissement correct. Le prix est correct. On ne pouvait faire pire.,"['ui_bubble_rating', 'bubble_40']",Plus,michekara,Avis publié : 28 avril 2015,2017-12-08 11:33:37.042484
Super hôtel. L'emplacement est incroyable !,"['ui_bubble_rating', 'bubble_40']",Plus,IainLoudon,Avis publié : 16 avril 2015,2017-12-08 11:33:37.042492
Emplacement top et rapport qualité/prix,"['ui_bubble_rating', 'bubble_40']",Plus,abilli,Avis publié : 14 avril 2015,2017-12-08 11:33:37.042498
Excellent emplacement,"['ui_bubble_rating', 'bubble_40']",Plus,Wendi N,Avis publié : 11 avril 2015,2017-12-08 11:33:37.042504
"Séjour fantastique, emplacement pratique est super !","['ui_bubble_rating', 'bubble_40']",Plus,tomjessett,Avis publié : 5 avril 2015,2017-12-08 11:33:37.042510
sympathique hôtel très charmant avec un très bon service.,"['ui_bubble_rating', 'bubble_40']",Plus,Ediz G,Avis publié : 30 mars 2015,2017-12-08 11:33:37.042517
L'emplacement est merveilleux !,"['ui_bubble_rating', 'bubble_40']",Plus,Sargeywhiskers,Avis publié : 27 mars 2015,2017-12-08 11:33:37.042528
"Très agréable, chambre petite.","['ui_bubble_rating', 'bubble_40']",Plus,Mike W,Avis publié : 24 mars 2015,2017-12-08 11:33:37.042535
Très bien situé et personnel sympa,"['ui_bubble_rating', 'bubble_40']",Plus,al i,Avis publié : 19 mars 2015,2017-12-08 11:33:37.042541
Excellent emplacement,"['ui_bubble_rating', 'bubble_40']",Plus,debs362,Avis publié : 17 mars 2015,2017-12-08 11:33:37.042548
Excellent hôtel avec un excellent emplacement et un personnel très serviable,"['ui_bubble_rating', 'bubble_40']",Plus,Vaibhav J,Avis publié : 12 mars 2015,2017-12-08 11:33:37.042555
Excellent emplacement,"['ui_bubble_rating', 'bubble_40']",Plus,Jennifer F,Avis publié : 6 mars 2015,2017-12-08 11:33:37.042563
Super emplacement,"['ui_bubble_rating', 'bubble_40']",Plus,SianM75,Avis publié : 2 mars 2015,2017-12-08 11:33:37.042569
4 *,"['ui_bubble_rating', 'bubble_40']",Plus,Giannikaki,Avis publié : 24 février 2015,2017-12-08 11:33:37.042575
Un super petit hôtel,"['ui_bubble_rating', 'bubble_40']",Plus,APH72,Avis publié : 22 février 2015,2017-12-08 11:33:37.042581
Hôtel fantastique,"['ui_bubble_rating', 'bubble_40']",Plus,Darren E,Avis publié : 18 février 2015,2017-12-08 11:33:37.042587
"Hôtel agréable, très bien situé.","['ui_bubble_rating', 'bubble_40']",Plus,Neamh O,Avis publié : 12 février 2015,2017-12-08 11:33:37.042593
Très bien,"['ui_bubble_rating', 'bubble_40']",Plus,mcdol12,Avis publié : 7 février 2015,2017-12-08 11:33:37.042599
Très bon point de chute pour explorer,"['ui_bubble_rating', 'bubble_40']",Plus,Wobbly72,Avis publié : 29 janvier 2015,2017-12-08 11:33:37.042606
Fantastique,"['ui_bubble_rating', 'bubble_40']",Plus,Precious7717,Avis publié : 22 janvier 2015,2017-12-08 11:33:37.042613
"Super hôtel, emplacement fantastique !","['ui_bubble_rating', 'bubble_40']",Plus,Bradley_See,Avis publié : 20 janvier 2015,2017-12-08 11:33:37.042619
Juste au pied de la Tour Eiffel,"['ui_bubble_rating', 'bubble_40']",Plus,Maxine S,Avis publié : 11 janvier 2015,2017-12-08 11:33:37.042626
"Très bien situé, personnel sympathique, ne pouvait pas être plus heureux !","['ui_bubble_rating', 'bubble_40']",Plus,oliviaw251,Avis publié : 6 janvier 2015,2017-12-08 11:33:37.042632
Hôtel fantastique,"['ui_bubble_rating', 'bubble_40']",Plus,Natasha G,Avis publié : 5 janvier 2015,2017-12-08 11:33:37.042640
Très bien situé et très confortable.,"['ui_bubble_rating', 'bubble_40']",Plus,Lisa H,Avis publié : 2 janvier 2015,2017-12-08 11:33:37.042646
L'emplacement idéal,"['ui_bubble_rating', 'bubble_40']",Plus,Innacircle,Avis publié : 23 décembre 2014,2017-12-08 11:33:37.042653
Très bien situé et charmant hôtel,"['ui_bubble_rating', 'bubble_40']",Plus,bert0221,Avis publié : 18 décembre 2014,2017-12-08 11:33:37.042659
Moyen,"['ui_bubble_rating', 'bubble_40']",Plus,bhav987,Avis publié : 11 décembre 2014,2017-12-08 11:33:37.042666
Fantastique,"['ui_bubble_rating', 'bubble_40']",Plus,Jay S,Avis publié : 9 décembre 2014,2017-12-08 11:33:37.042672
superbe,"['ui_bubble_rating', 'bubble_40']",Plus,vivian a,Avis publié : 3 décembre 2014,2017-12-08 11:33:37.042679
Excellent emplacement,"['ui_bubble_rating', 'bubble_40']",Plus,Ann S,Avis publié : 25 novembre 2014,2017-12-08 11:33:37.042685
Un séjour agréable,"['ui_bubble_rating', 'bubble_40']",Plus,sasha299678,Avis publié : 16 novembre 2014,2017-12-08 11:33:37.042691
Paris - Bon hôtel enchanteur,"['ui_bubble_rating', 'bubble_40']",Plus,PlanetTrecker,Avis publié : 6 novembre 2014,2017-12-08 11:33:37.042698
Hôtel correct de Paris,"['ui_bubble_rating', 'bubble_40']",Plus,SrWanderer,Avis publié : 31 octobre 2014,2017-12-08 11:33:37.042704
Très agréable.,"['ui_bubble_rating', 'bubble_40']",Plus,Lexi1987,Avis publié : 27 octobre 2014,2017-12-08 11:33:37.042710
3 nuit,"['ui_bubble_rating', 'bubble_40']",Plus,G829,Avis publié : 15 octobre 2014,2017-12-08 11:33:37.042716
"Hôtel pourri, commodément situé","['ui_bubble_rating', 'bubble_40']",Plus,srahman2508,Avis publié : 6 octobre 2014,2017-12-08 11:33:37.042722
Bon hôtel dans un excellent emplacement,"['ui_bubble_rating', 'bubble_40']",Plus,Aristoincurate,Avis publié : 26 septembre 2014,2017-12-08 11:33:37.042729
"Bonne vue, mais de qualité médiocre","['ui_bubble_rating', 'bubble_40']",Plus,Douglas G,Avis publié : 21 septembre 2014,2017-12-08 11:33:37.042735
Emplacement emplacement emplacement,"['ui_bubble_rating', 'bubble_40']",Plus,Skippythebushkangaro,Avis publié : 14 septembre 2014,2017-12-08 11:33:37.042742
Hôtel très moderne et près des attractions touristiques,"['ui_bubble_rating', 'bubble_40']",Plus,swishy09,Avis publié : 10 septembre 2014,2017-12-08 11:33:37.042748
Emplacement parfait avec une vue incroyable sur la Tour Eiffel,"['ui_bubble_rating', 'bubble_40']",Plus,Gary G,Avis publié : 8 septembre 2014,2017-12-08 11:33:37.042755
"Excellent pour les touristes, peu moins pour affaires","['ui_bubble_rating', 'bubble_40']",Plus,Bart V,Avis publié : 1 septembre 2014,2017-12-08 11:33:37.042762
Parfait pour nous,"['ui_bubble_rating', 'bubble_40']",Plus,TrAAveler86,Avis publié : 27 août 2014,2017-12-08 11:33:37.042769
Un merveilleux hôtel,"['ui_bubble_rating', 'bubble_40']",Plus,shesowood,Avis publié : 19 août 2014,2017-12-08 11:33:37.042776
Excellent emplacement,"['ui_bubble_rating', 'bubble_40']",Plus,Sherri B,Avis publié : 16 août 2014,2017-12-08 11:33:37.042782
Bon emplacement!,"['ui_bubble_rating', 'bubble_40']",Plus,Patti K,Avis publié : 13 août 2014,2017-12-08 11:33:37.042788
"Très bien situé, parfait pour les familles","['ui_bubble_rating', 'bubble_40']",Plus,SLD022,Avis publié : 5 août 2014,2017-12-08 11:33:37.042794
Emplacement parfait,"['ui_bubble_rating', 'bubble_40']",Plus,Eoin M,Avis publié : 29 juillet 2014,2017-12-08 11:33:37.042801
Un lieu convivial et pratique.,"['ui_bubble_rating', 'bubble_40']",Plus,Robert H,Avis publié : 23 juillet 2014,2017-12-08 11:33:37.042807
"Emplacement idéal, personnel fantastique","['ui_bubble_rating', 'bubble_40']",Plus,andrew1295,Avis publié : 18 juillet 2014,2017-12-08 11:33:37.042814
Séjour agréable,"['ui_bubble_rating', 'bubble_40']",Plus,Alan D,Avis publié : 12 juillet 2014,2017-12-08 11:33:37.042820
Chambre petite mais assez agréable,"['ui_bubble_rating', 'bubble_40']",Plus,nosunbunnyme,Avis publié : 7 juillet 2014,2017-12-08 11:33:37.042826
"Bon hôtel, très bien situé !","['ui_bubble_rating', 'bubble_40']",Plus,mikedoiron,Avis publié : 5 juillet 2014,2017-12-08 11:33:37.042833
Bon hôtel dans un excellent emplacement,"['ui_bubble_rating', 'bubble_40']",Plus,MegsonGrove,Avis publié : 24 juin 2014,2017-12-08 11:33:37.042839
Agréable et proche,"['ui_bubble_rating', 'bubble_40']",Plus,FLJayhawk,Avis publié : 18 juin 2014,2017-12-08 11:33:37.042846
Super emplacement,"['ui_bubble_rating', 'bubble_40']",Plus,Scottishmezzo123,Avis publié : 12 juin 2014,2017-12-08 11:33:37.042853
Bel hôtel.,"['ui_bubble_rating', 'bubble_40']",Plus,gramt,Avis publié : 5 juin 2014,2017-12-08 11:33:37.042859
Confortable mais petite,"['ui_bubble_rating', 'bubble_40']",Plus,paulg1950,Avis publié : 30 mai 2014,2017-12-08 11:33:37.042865
L'endroit idéal pour vous détendre et visiter Paris,"['ui_bubble_rating', 'bubble_40']",Plus,leo784,Avis publié : 28 mai 2014,2017-12-08 11:33:37.042871
"Un hôtel pour les gens d'affaires, et surtout, de l'industrie ferroviaire","['ui_bubble_rating', 'bubble_40']",Plus,Qvike,Avis publié : 26 mai 2014,2017-12-08 11:33:37.042877
Propre et sympathique avec un excellent emplacement,"['ui_bubble_rating', 'bubble_40']",Plus,Jane S,Avis publié : 20 mai 2014,2017-12-08 11:33:37.042884
Excellent emplacement,"['ui_bubble_rating', 'bubble_40']",Plus,Lyndsey I,Avis publié : 15 mai 2014,2017-12-08 11:33:37.042891
Idéal hôtel,"['ui_bubble_rating', 'bubble_40']",Plus,Rod B,Avis publié : 5 mai 2014,2017-12-08 11:33:37.042897
Il ne vaut pas la peine,"['ui_bubble_rating', 'bubble_40']",Plus,Subupriya C,Avis publié : 2 mai 2014,2017-12-08 11:33:37.042902
Excellent emplacement,"['ui_bubble_rating', 'bubble_40']",Plus,The_GoodLife_2017,Avis publié : 24 avril 2014,2017-12-08 11:33:37.042913
L'emplacement est génial,"['ui_bubble_rating', 'bubble_40']",Plus,gecko77,Avis publié : 18 avril 2014,2017-12-08 11:33:37.042920
Hôtel fantastique,"['ui_bubble_rating', 'bubble_40']",Plus,Jenny_John1984,Avis publié : 12 avril 2014,2017-12-08 11:33:37.042927
Bon hôtel pour un week-end,"['ui_bubble_rating', 'bubble_40']",Plus,Sapun,Avis publié : 8 avril 2014,2017-12-08 11:33:37.042933
Très bon emplacement à côté de la Tour Eiffel et du métro,"['ui_bubble_rating', 'bubble_40']",Plus,bruno811,Avis publié : 29 mars 2014,2017-12-08 11:33:37.042939
Je ne peux pas me plaindre,"['ui_bubble_rating', 'bubble_40']",Plus,strakerbp,Avis publié : 18 mars 2014,2017-12-08 11:33:37.042946
Hôtel incroyable,"['ui_bubble_rating', 'bubble_40']",Plus,Lorna S,Avis publié : 9 mars 2014,2017-12-08 11:33:37.042952
Excellent hôtel!,"['ui_bubble_rating', 'bubble_40']",Plus,Trm1981,Avis publié : 1 mars 2014,2017-12-08 11:33:37.042958
Parfait pour un séjour de 4 jours !,"['ui_bubble_rating', 'bubble_40']",Plus,Gill H,Avis publié : 19 février 2014,2017-12-08 11:33:37.042965
Parfait !,"['ui_bubble_rating', 'bubble_40']",Plus,Shavina22,Avis publié : 12 février 2014,2017-12-08 11:33:37.042971
week-end,"['ui_bubble_rating', 'bubble_40']",Plus,Bob A,Avis publié : 10 février 2014,2017-12-08 11:33:37.042977
Excellent emplacement,"['ui_bubble_rating', 'bubble_40']",Plus,Armlessapple,Avis publié : 7 février 2014,2017-12-08 11:33:37.042984
Pas impressionné,"['ui_bubble_rating', 'bubble_40']",Plus,1weetwood,Avis publié : 26 janvier 2014,2017-12-08 11:33:37.042990
Ce n'est pas mal. Très bien situé. Chambre un peu petite,"['ui_bubble_rating', 'bubble_40']",Plus,OlexandraSolomka,Avis publié : 20 janvier 2014,2017-12-08 11:33:37.042996
"Emplacement, Emplacement, emplacement","['ui_bubble_rating', 'bubble_40']",Plus,hbrooks27,Avis publié : 14 janvier 2014,2017-12-08 11:33:37.043003
Très bien situé !,"['ui_bubble_rating', 'bubble_40']",Plus,Juan S,Avis publié : 9 janvier 2014,2017-12-08 11:33:37.043010
"Bon hôtel, très bien situé","['ui_bubble_rating', 'bubble_40']",Plus,Drewery1985,Avis publié : 28 décembre 2013,2017-12-08 11:33:37.043015
Un bon hôtel,"['ui_bubble_rating', 'bubble_40']",Plus,shakatoni,Avis publié : 20 décembre 2013,2017-12-08 11:33:37.043022
bonnes vacances,"['ui_bubble_rating', 'bubble_40']",Plus,Kleber S,Avis publié : 2 décembre 2013,2017-12-08 11:33:37.043028
Fantastique !,"['ui_bubble_rating', 'bubble_40']",Plus,Jordan1411,Avis publié : 18 novembre 2013,2017-12-08 11:33:37.043035
Très bien situé !,"['ui_bubble_rating', 'bubble_40']",Plus,986Carlos,Avis publié : 12 novembre 2013,2017-12-08 11:33:37.043041
Court séjour à Paris,"['ui_bubble_rating', 'bubble_40']",Plus,Ken T,Avis publié : 4 novembre 2013,2017-12-08 11:33:37.043047
Excellent emplacement,"['ui_bubble_rating', 'bubble_40']",Plus,Alberta-traveler,Avis publié : 30 octobre 2013,2017-12-08 11:33:37.043053
L'emplacement : emplacement emplacement !,"['ui_bubble_rating', 'bubble_40']",Plus,sejspat,Avis publié : 25 octobre 2013,2017-12-08 11:33:37.043060
utile,"['ui_bubble_rating', 'bubble_40']",Plus,Jess B,Avis publié : 17 octobre 2013,2017-12-08 11:33:37.043066
"Très bon emplacement, manque caractère","['ui_bubble_rating', 'bubble_40']",Plus,Huyggens,Avis publié : 5 octobre 2013,2017-12-08 11:33:37.043072
Vue superbe !,"['ui_bubble_rating', 'bubble_40']",Plus,krishna20112011,Avis publié : 24 septembre 2013,2017-12-08 11:33:37.043079
Hôtel à Nice,"['ui_bubble_rating', 'bubble_40']",Plus,jrbushell,Avis publié : 13 septembre 2013,2017-12-08 11:33:37.043085
Emplacement exceptionnel. Impeccablement propre.,"['ui_bubble_rating', 'bubble_40']",Plus,Alan B,Avis publié : 4 septembre 2013,2017-12-08 11:33:37.043091
"Bon hôtel, emplacement fantastique","['ui_bubble_rating', 'bubble_40']",Plus,A_J9189,Avis publié : 30 août 2013,2017-12-08 11:33:37.043098
Super hôtel,"['ui_bubble_rating', 'bubble_40']",Plus,Fiona w,Avis publié : 23 août 2013,2017-12-08 11:33:37.043104
"rapport qualité/prix inégalable. Emplacement, de classe et de romance. Merci !","['ui_bubble_rating', 'bubble_40']",Plus,JonnyScotland1989,Avis publié : 12 août 2013,2017-12-08 11:33:37.043110
Mercure médiocre,"['ui_bubble_rating', 'bubble_40']",Plus,Barry S,Avis publié : 3 août 2013,2017-12-08 11:33:37.043117
2013 janvier,"['ui_bubble_rating', 'bubble_40']",Plus,Laurax14,Avis publié : 29 juillet 2013,2017-12-08 11:33:37.043123
Confortable et pratique,"['ui_bubble_rating', 'bubble_40']",Plus,KarenDToronto,Avis publié : 21 juillet 2013,2017-12-08 11:33:37.043129
"Excellent hôtel, très bien situé","['ui_bubble_rating', 'bubble_40']",Plus,Mas L,Avis publié : 10 juillet 2013,2017-12-08 11:33:37.043136
Excellent,"['ui_bubble_rating', 'bubble_40']",Plus,sherlock50,Avis publié : 28 juin 2013,2017-12-08 11:33:37.043142
Hôtel propre et bien situé mais un service médiocre,"['ui_bubble_rating', 'bubble_40']",Plus,JolyJo,Avis publié : 19 juin 2013,2017-12-08 11:33:37.043148
Un séjour mémorable au coeur de Paris,"['ui_bubble_rating', 'bubble_40']",Plus,Tasnimjad,Avis publié : 9 juin 2013,2017-12-08 11:33:37.043155
Super vue & hôtel charmant,"['ui_bubble_rating', 'bubble_40']",Plus,Lynsey R,Avis publié : 27 mai 2013,2017-12-08 11:33:37.043161
Mercure Paris Tour Eiffel de centre de,"['ui_bubble_rating', 'bubble_40']",Plus,Terenceyeap,Avis publié : 17 mai 2013,2017-12-08 11:33:37.043168
"Super hôtel, très bien situé","['ui_bubble_rating', 'bubble_40']",Plus,shirlbur,Avis publié : 7 mai 2013,2017-12-08 11:33:37.043174
Parfait pour admirer la Tour Eiffel de votre fenêtre,"['ui_bubble_rating', 'bubble_40']",Plus,Atul_Dubai,Avis publié : 26 avril 2013,2017-12-08 11:33:37.043181
Mieux que ce à quoi je m'attendais,"['ui_bubble_rating', 'bubble_40']",Plus,Jorge R,Avis publié : 15 avril 2013,2017-12-08 11:33:37.043188
Un séjour d'une nuit à Paris,"['ui_bubble_rating', 'bubble_40']",Plus,Heather L,Avis publié : 6 avril 2013,2017-12-08 11:33:37.043194
"court séjour de Brillant, bon emplacement","['ui_bubble_rating', 'bubble_40']",Plus,explorer9119,Avis publié : 1 avril 2013,2017-12-08 11:33:37.043201
Charmant,"['ui_bubble_rating', 'bubble_40']",Plus,Chloe B,Avis publié : 26 mars 2013,2017-12-08 11:33:37.043208
Centre de Mercure tour eiffel,"['ui_bubble_rating', 'bubble_40']",Plus,Anne B,Avis publié : 18 mars 2013,2017-12-08 11:33:37.043214
Peut mieux faire,"['ui_bubble_rating', 'bubble_40']",Plus,Trooper1941,Avis publié : 9 mars 2013,2017-12-08 11:33:37.043220
"Il est très bien situé, pas de surprises positives.","['ui_bubble_rating', 'bubble_40']",Plus,Ingvilok,Avis publié : 28 février 2013,2017-12-08 11:33:37.043227
Hôtel correct,"['ui_bubble_rating', 'bubble_40']",Plus,its_a_mystery12,Avis publié : 25 février 2013,2017-12-08 11:33:37.043234
"Oh, vous y êtes Tour Eiffel !","['ui_bubble_rating', 'bubble_40']",Plus,Keribee,Avis publié : 18 février 2013,2017-12-08 11:33:37.043240
:),"['ui_bubble_rating', 'bubble_40']",,krisy24,Avis publié : 11 février 2013,2017-12-08 11:33:37.043246
Excellent voyage,"['ui_bubble_rating', 'bubble_40']",Plus,Lizzie N,Avis publié : 28 janvier 2013,2017-12-08 11:33:37.043253
"Bon rapport qualité/prix, très bien situé","['ui_bubble_rating', 'bubble_40']",Plus,123Felix,Avis publié : 24 janvier 2013,2017-12-08 11:33:37.043259
L'emplacement est parfait pour le tourisme,"['ui_bubble_rating', 'bubble_40']",Plus,vickiMatlock,Avis publié : 14 janvier 2013,2017-12-08 11:33:37.043265
Hautement recommandé.,"['ui_bubble_rating', 'bubble_40']",Plus,MasterReviewer1,Avis publié : 6 janvier 2013,2017-12-08 11:33:37.043272
"Très bien situé, très bon hôtel, excellent séjour","['ui_bubble_rating', 'bubble_40']",Plus,EllyLam,Avis publié : 26 décembre 2012,2017-12-08 11:33:37.043278
"Excellent hôtel, très bien situé.","['ui_bubble_rating', 'bubble_40']",Plus,Ilovetotravel73,Avis publié : 17 décembre 2012,2017-12-08 11:33:37.043285
"Excellent hôtel, très bien situé","['ui_bubble_rating', 'bubble_40']",Plus,screamingjack,Avis publié : 27 novembre 2012,2017-12-08 11:33:37.043292
"Bon hôtel, couleurs horribles dans les toilettes","['ui_bubble_rating', 'bubble_40']",,Alain_P62,Avis publié : 15 novembre 2012,2017-12-08 11:33:37.043303
Hôtel confortable et bien situé,"['ui_bubble_rating', 'bubble_40']",Plus,Murielle60,Avis publié : 3 novembre 2012,2017-12-08 11:33:37.043311
Moderne avec une touche d'élégance,"['ui_bubble_rating', 'bubble_40']",Plus,LOLITA015,Avis publié : 26 octobre 2012,2017-12-08 11:33:37.043317
"Emplacement, emplacement, emplacement !","['ui_bubble_rating', 'bubble_40']",Plus,thebeeches1,Avis publié : 18 octobre 2012,2017-12-08 11:33:37.043323
Bon emplacement mais a besoin d'améliorations,"['ui_bubble_rating', 'bubble_40']",Plus,Nakaaron,Avis publié : 9 octobre 2012,2017-12-08 11:33:37.043330
Très central !,"['ui_bubble_rating', 'bubble_40']",Plus,Matewis,Avis publié : 29 septembre 2012,2017-12-08 11:33:37.043337
L'avantage de cet hôtel est son emplacement,"['ui_bubble_rating', 'bubble_40']",Plus,puresecrets,Avis publié : 9 septembre 2012,2017-12-08 11:33:37.043343
J'espère pouvoir y retourner !,"['ui_bubble_rating', 'bubble_40']",Plus,clu15,Avis publié : 27 août 2012,2017-12-08 11:33:37.043350
L'emplacement est parfait pour la Tour Eiffel,"['ui_bubble_rating', 'bubble_40']",Plus,cheekychops79,Avis publié : 24 août 2012,2017-12-08 11:33:37.043356
peu décevant,"['ui_bubble_rating', 'bubble_40']",Plus,melanideklerk,Avis publié : 17 août 2012,2017-12-08 11:33:37.043363
Service excellent - Les chambres ne sont pas tellement,"['ui_bubble_rating', 'bubble_40']",Plus,Jodie H,Avis publié : 13 août 2012,2017-12-08 11:33:37.043370
Pas 4 étoiles,"['ui_bubble_rating', 'bubble_40']",Plus,Directbookings,Avis publié : 29 juillet 2012,2017-12-08 11:33:37.043377
La chambre n'était pas propre à votre arrivée,"['ui_bubble_rating', 'bubble_40']",Plus,Kate D,Avis publié : 21 juillet 2012,2017-12-08 11:33:37.043383
Hôtel parfait pour notre premier voyage à Paris,"['ui_bubble_rating', 'bubble_40']",Plus,Tony4225,Avis publié : 29 juin 2012,2017-12-08 11:33:37.043390
Nous avons séjourné dans cet hôtel pour mon anniversaire,"['ui_bubble_rating', 'bubble_40']",Plus,tonyw12345,Avis publié : 25 juin 2012,2017-12-08 11:33:37.043397
Le meilleur emplacement pour la Tour Eiffel !,"['ui_bubble_rating', 'bubble_40']",Plus,cathysterling,Avis publié : 21 juin 2012,2017-12-08 11:33:37.043405
"Très bien situé, hôtel simple, propre et confortable","['ui_bubble_rating', 'bubble_40']",Plus,Jenny8425,Avis publié : 24 mai 2012,2017-12-08 11:33:37.043411
'Bel dégradées est C hôtel !,"['ui_bubble_rating', 'bubble_40']",Plus,NicolMor,Avis publié : 11 mai 2012,2017-12-08 11:33:37.043419
Superbe emplacement,"['ui_bubble_rating', 'bubble_40']",Plus,Katie H,Avis publié : 1 mai 2012,2017-12-08 11:33:37.043426
inoubliable !,"['ui_bubble_rating', 'bubble_40']",Plus,Woody1992,Avis publié : 14 avril 2012,2017-12-08 11:33:37.043433
Parfait pour les touristes - réservez via un tiers !,"['ui_bubble_rating', 'bubble_40']",Plus,SwissJ70,Avis publié : 2 avril 2012,2017-12-08 11:33:37.043439
Nous avons adoré cet hôtel!,"['ui_bubble_rating', 'bubble_40']",Plus,coldinerie1,Avis publié : 15 mars 2012,2017-12-08 11:33:37.043446
Très bien situé mais assez basique.,"['ui_bubble_rating', 'bubble_40']",Plus,ctom1989,Avis publié : 27 février 2012,2017-12-08 11:33:37.043453
Très belle vue et le confort à Paris,"['ui_bubble_rating', 'bubble_40']",Plus,izabellamartins,Avis publié : 22 février 2012,2017-12-08 11:33:37.043460
Super séjour,"['ui_bubble_rating', 'bubble_40']",Plus,Emma W,Avis publié : 6 février 2012,2017-12-08 11:33:37.043467
5 étoiles de l'hôtel. Service aucune étoile,"['ui_bubble_rating', 'bubble_40']",Plus,Bruce D,Avis publié : 11 décembre 2011,2017-12-08 11:33:37.043473
Expérience inattendue,"['ui_bubble_rating', 'bubble_40']",Plus,Un membre de TripAdvisor,Avis publié : 20 novembre 2011,2017-12-08 11:33:37.043480
"Situation fantastique, chambres confortables et très bien pour le prix","['ui_bubble_rating', 'bubble_40']",Plus,bindymcminge,Avis publié : 3 septembre 2011,2017-12-08 11:33:37.043486
"Excellent emplacement, cependant, il n'est pas un 4 étoiles.","['ui_bubble_rating', 'bubble_40']",Plus,SaleBazzer,Avis publié : 10 mars 2011,2017-12-08 11:33:37.043495
Belle vue sur la Tour Eiffel,"['ui_bubble_rating', 'bubble_40']",Plus,Beave8920,Avis publié : 19 novembre 2010,2017-12-08 11:33:37.043502
"Très bien situé, mais je m'attendais à mieux","['ui_bubble_rating', 'bubble_40']",Plus,optifree,Avis publié : 26 octobre 2010,2017-12-08 11:33:37.043508
"Très bien situé, attendez que les chambres ont été rénovées","['ui_bubble_rating', 'bubble_40']",Plus,msplymouth,Avis publié : 11 octobre 2009,2017-12-08 11:33:37.043516
4 étoiles douteuse,"['ui_bubble_rating', 'bubble_40']",Plus,pineapple5711,Avis publié : 31 août 2009,2017-12-08 11:33:37.043523
De la Tour Eiffel,"['ui_bubble_rating', 'bubble_40']",Plus,Suzifla,Avis publié : 28 juillet 2008,2017-12-08 11:33:37.043529
Déçu,"['ui_bubble_rating', 'bubble_40']",Plus,Savoya,Avis publié : 24 février 2008,2017-12-08 11:33:37.043535
Un bon hôtel où rentrer le soir,"['ui_bubble_rating', 'bubble_40']",Plus,TDavies,Avis publié : 14 novembre 2007,2017-12-08 11:33:37.043541
passé un excellent séjour ici,"['ui_bubble_rating', 'bubble_40']",Plus,lazylump,Avis publié : 7 août 2007,2017-12-08 11:33:37.043547
Emplacement sauve inconvénients,"['ui_bubble_rating', 'bubble_40']",Plus,SocksandSox,Avis publié : 27 mars 2006,2017-12-08 11:33:37.043554
"Hôtel 2 étoiles, 4 étoiles","['ui_bubble_rating', 'bubble_40']",Plus,Un membre de TripAdvisor,Avis publié : 14 juin 2005,2017-12-08 11:33:37.043560
Excellent hôtel au point de vue emplacement et accueil !,"['ui_bubble_rating', 'bubble_40']",Plus,Un membre de TripAdvisor,Avis publié : 2 août 2004,2017-12-08 11:33:37.043567
